City_ID,City,Country,Lat,Lng,Max Temp,Humidity,Cloudiness,Wind Speed,Current Description
0,Kautokeino,NO,69.0125,23.0412,52.0,74,100,15.66,light rain
1,Bolobo,CD,-2.1667,16.2333,97.14,21,14,3.51,few clouds
2,Cape Town,ZA,-33.9258,18.4232,77.41,26,0,18.41,clear sky
3,Hobart,AU,-42.8794,147.3294,50.92,81,75,1.99,broken clouds
4,Nikolskoye,RU,59.7035,30.7861,82.29,27,7,9.17,clear sky
5,Jamestown,US,42.097,-79.2353,70.18,86,94,7.0,overcast clouds
6,Avarua,CK,-21.2078,-159.775,75.25,83,20,9.22,few clouds
7,Atuona,PF,-9.8,-139.0333,77.32,75,23,28.74,few clouds
8,Klaksvik,FO,62.2266,-6.589,52.72,85,10,4.52,clear sky
9,Saint George,US,37.1041,-113.5841,85.35,47,1,4.61,clear sky
10,Mataura,NZ,-46.1927,168.8643,42.46,97,84,4.14,broken clouds
11,Chokurdakh,RU,70.6333,147.9167,40.91,75,76,9.08,broken clouds
12,Lebu,CL,-37.6167,-73.65,49.24,63,0,14.05,clear sky
13,Dikson,RU,73.5069,80.5464,35.89,85,21,11.3,few clouds
14,Codrington,AU,-38.2667,141.9667,46.89,95,100,8.63,overcast clouds
15,Khatanga,RU,71.9667,102.5,63.46,69,100,7.43,overcast clouds
16,Constitucion,CL,-35.3333,-72.4167,50.18,47,0,5.79,clear sky
17,Carangola,BR,-20.7331,-42.0294,84.65,37,0,4.85,clear sky
18,Yermakovskoye,RU,53.2831,92.4003,64.51,74,92,5.1,overcast clouds
19,Paris,FR,48.8534,2.3488,85.55,47,0,8.01,clear sky
20,Qaanaaq,GL,77.484,-69.3632,35.8,87,100,6.44,overcast clouds
21,Trincomalee,LK,8.5711,81.2335,83.3,73,95,11.27,overcast clouds
22,Pevek,RU,69.7008,170.3133,36.23,84,100,3.04,overcast clouds
23,Dovers,VC,12.8833,-61.1833,81.57,81,0,17.98,clear sky
24,Derzhavinsk,KZ,51.1,66.3167,79.77,38,1,7.09,clear sky
25,Tibati,CM,6.4667,12.6333,73.71,89,100,5.53,moderate rain
26,Punta Arenas,CL,-53.15,-70.9167,39.11,80,100,6.73,light rain
27,Cherskiy,RU,68.75,161.3,45.73,61,100,4.65,overcast clouds
28,Rikitea,PF,-23.1203,-134.9692,71.06,65,100,27.4,overcast clouds
29,Ponta Do Sol,PT,32.6667,-17.1,84.7,71,1,2.55,clear sky
30,Port Alfred,ZA,-33.5906,26.891,69.42,48,46,16.37,scattered clouds
31,Vychegodskiy,RU,61.247,46.8984,79.0,35,3,2.59,clear sky
32,Pangnirtung,CA,66.1451,-65.7125,53.58,68,100,3.47,overcast clouds
33,Puerto Ayora,EC,-0.7393,-90.3518,70.56,97,98,10.0,light rain
34,Carnarvon,AU,-24.8667,113.6333,67.33,49,90,9.15,overcast clouds
35,Yulara,AU,-25.2406,130.9889,56.5,45,0,6.15,clear sky
36,Murgab,TM,37.4966,61.9714,101.62,10,0,12.41,clear sky
37,Willowmore,ZA,-33.2926,23.4895,67.15,18,0,12.28,clear sky
38,Vaini,TO,-21.2,-175.2,73.56,94,20,5.75,few clouds
39,Torbay,CA,47.6666,-52.7314,75.88,68,47,10.69,scattered clouds
40,Miles City,US,46.4083,-105.8406,70.77,52,1,8.05,clear sky
41,Hilo,US,19.7297,-155.09,73.26,95,90,5.03,moderate rain
42,Bredasdorp,ZA,-34.5322,20.0403,67.28,59,3,2.98,clear sky
43,Rocha,UY,-34.4833,-54.3333,45.77,90,78,28.83,light rain
44,Tilichiki,RU,60.4667,166.1,49.95,91,100,0.2,overcast clouds
45,Port Elizabeth,ZA,-33.918,25.5701,79.11,36,0,9.22,clear sky
46,Bluff,NZ,-46.6,168.3333,45.45,87,93,10.6,overcast clouds
47,Geraldton,AU,-28.7667,114.6,57.61,88,75,4.61,broken clouds
48,Castro,BR,-24.7911,-50.0119,52.16,58,8,11.32,clear sky
49,Hasaki,JP,35.7333,140.8333,77.29,92,22,11.68,few clouds
50,Ushuaia,AR,-54.8,-68.3,35.58,94,100,9.93,light rain
51,Butaritari,KI,3.0707,172.7902,82.54,78,96,12.35,moderate rain
52,Souillac,MU,-20.5167,57.5167,73.36,73,25,16.17,scattered clouds
53,Galle,LK,6.0367,80.217,79.93,84,35,16.75,scattered clouds
54,Toccoa,US,34.5773,-83.3324,76.64,88,1,0.0,light rain
55,Port-Gentil,GA,-0.7193,8.7815,75.51,74,11,8.68,few clouds
56,Busselton,AU,-33.65,115.3333,49.08,75,1,9.48,clear sky
57,Erenhot,CN,43.6475,111.9767,81.54,36,0,8.75,clear sky
58,Fairbanks,US,64.8378,-147.7164,64.09,78,85,1.01,overcast clouds
59,New Norfolk,AU,-42.7826,147.0587,50.58,81,100,1.99,overcast clouds
60,Te Anau,NZ,-45.4167,167.7167,41.76,93,87,1.57,overcast clouds
61,Kapaa,US,22.0752,-159.319,79.12,83,90,12.66,light rain
62,Gorontalo,ID,0.5412,123.0595,76.15,91,98,3.94,overcast clouds
63,Fez,MA,34.0372,-4.9998,98.85,11,0,10.36,clear sky
64,Yellowknife,CA,62.456,-114.3525,57.33,76,69,3.0,broken clouds
65,Great Falls,US,47.5002,-111.3008,71.94,32,8,8.79,clear sky
66,Kahului,US,20.8947,-156.47,75.85,86,1,12.66,clear sky
67,Chuy,UY,-33.6971,-53.4616,43.2,89,100,24.9,overcast clouds
68,Blackwater,AU,-23.5833,148.8833,53.73,40,0,6.58,clear sky
69,Akyab,MM,20.15,92.9,82.56,82,100,8.5,overcast clouds
70,Mitu,CO,1.1983,-70.1733,76.23,93,92,3.74,overcast clouds
71,Vao,NC,-22.6667,167.4833,70.16,77,100,17.2,overcast clouds
72,Upernavik,GL,72.7868,-56.1549,39.79,78,40,14.18,scattered clouds
73,East London,ZA,-33.0153,27.9116,67.42,57,0,19.06,clear sky
74,Orlik,RU,52.5178,99.825,54.43,80,59,1.92,broken clouds
75,Lagoa,PT,39.05,-27.9833,68.43,73,0,16.62,clear sky
76,Lasa,IT,46.6166,10.7002,82.31,73,91,6.96,overcast clouds
77,Bhimunipatnam,IN,17.8833,83.4333,83.71,73,32,13.6,scattered clouds
78,Tuktoyaktuk,CA,69.4541,-133.0374,44.46,90,97,17.49,overcast clouds
79,Albany,US,42.6001,-73.9662,72.63,96,100,4.72,overcast clouds
80,Nome,US,64.5011,-165.4064,48.27,93,90,4.61,mist
81,Valparaiso,CL,-33.0393,-71.6273,61.95,37,0,7.43,clear sky
82,Byron Bay,AU,-28.65,153.6167,52.72,67,94,5.14,overcast clouds
83,Petropavlovka,RU,50.6114,105.3196,58.66,92,100,4.47,overcast clouds
84,Amga,RU,60.8953,131.9608,62.69,70,0,0.81,clear sky
85,Ust-Maya,RU,60.4167,134.5333,61.21,93,12,3.29,few clouds
86,Tolaga Bay,NZ,-38.3667,178.3,53.02,82,81,6.24,broken clouds
87,Togur,RU,58.3631,82.8265,59.79,88,54,1.77,light rain
88,Dunedin,NZ,-45.8742,170.5036,46.8,93,99,6.91,overcast clouds
89,Sao Joao Da Barra,BR,-21.6403,-41.0511,77.36,65,0,4.38,clear sky
90,Fort Nelson,CA,58.8053,-122.7002,47.79,100,90,5.75,mist
91,Taoudenni,ML,22.6783,-3.9836,118.69,5,23,11.21,few clouds
92,Georgetown,MY,5.4112,100.3354,84.13,70,20,4.61,few clouds
93,Barrow,US,71.2906,-156.7887,48.22,93,90,12.66,overcast clouds
94,Bilibino,RU,68.0546,166.4372,43.92,78,100,2.39,overcast clouds
95,Nokaneng,BW,-19.6667,22.2667,73.27,18,0,7.27,clear sky
96,Banda Aceh,ID,5.5577,95.3222,79.68,78,100,13.62,overcast clouds
97,Cranbourne,AU,-38.1,145.2833,51.35,83,100,3.0,overcast clouds
98,Mogadishu,SO,2.0371,45.3438,78.31,77,24,23.98,few clouds
99,Comodoro Rivadavia,AR,-45.8667,-67.5,46.26,49,0,3.44,clear sky
100,Tirano,IT,46.2154,10.1679,85.17,53,76,6.26,broken clouds
101,Rorvik,NO,64.8621,11.2373,54.86,78,100,18.03,light rain
102,Bengkulu,ID,-3.8004,102.2655,77.81,87,12,3.87,few clouds
103,Ribeira Grande,PT,38.5167,-28.7,73.8,68,20,16.11,few clouds
104,Manjacaze,MZ,-24.7117,33.8828,69.3,49,10,11.88,clear sky
105,Calvia,ES,39.5657,2.5062,90.41,58,0,10.22,clear sky
106,Lipany,SK,49.1538,20.9638,84.47,76,83,8.46,broken clouds
107,Mehamn,NO,71.0357,27.8492,51.91,80,95,13.71,overcast clouds
108,Moissala,TD,8.3404,17.7663,85.75,57,100,6.55,overcast clouds
109,Sao Filipe,CV,14.8961,-24.4956,74.57,85,28,7.05,scattered clouds
110,Qui Nhon,VN,13.7667,109.2333,83.26,74,96,5.95,overcast clouds
111,Hamilton,US,39.1834,-84.5333,74.64,70,1,3.0,clear sky
112,Palmer,US,42.1584,-72.3287,74.14,82,100,0.65,overcast clouds
113,Praya,CV,14.9215,-23.5087,84.74,58,0,14.97,clear sky
114,Inirida,CO,3.8653,-67.9239,71.82,98,100,2.68,light rain
115,Sungairaya,ID,0.7,108.9,80.11,80,66,5.17,broken clouds
116,Rancharia,BR,-22.2292,-50.8931,66.76,39,73,13.18,broken clouds
117,Provideniya,RU,64.3833,-173.3,46.49,99,100,5.17,overcast clouds
118,Hithadhoo,MV,-0.6,73.0833,82.56,74,27,7.29,scattered clouds
119,Lompoc,US,34.6391,-120.4579,58.51,96,90,3.44,mist
120,Lillesand,NO,58.2488,8.3778,71.64,37,20,14.97,few clouds
121,Kandrian,PG,-6.2167,149.55,78.04,90,93,8.79,overcast clouds
122,Quatre Cocos,MU,-20.2078,57.7625,72.09,72,53,17.22,broken clouds
123,Forrest City,US,35.0081,-90.7898,75.06,89,99,6.11,light rain
124,La Ronge,CA,55.1001,-105.2842,52.02,100,90,9.22,light intensity drizzle
125,Fortuna,US,40.5982,-124.1573,53.92,91,34,1.01,scattered clouds
126,Oranjemund,NA,-28.55,16.4333,80.26,23,0,11.7,clear sky
127,Pacific Grove,US,36.6177,-121.9166,60.42,95,90,1.99,mist
128,Tasiilaq,GL,65.6145,-37.6368,46.56,73,100,4.79,overcast clouds
129,Zhigansk,RU,66.7697,123.3711,53.8,52,100,3.96,overcast clouds
130,Severo-Kurilsk,RU,50.6789,156.125,53.28,98,100,7.94,overcast clouds
131,Scarborough,GB,54.2797,-0.4044,76.64,67,21,1.99,few clouds
132,Puerto Baquerizo Moreno,EC,-0.9,-89.6,71.04,88,100,16.2,light rain
133,Dumas,US,35.8656,-101.9732,76.42,83,1,9.22,clear sky
134,Broken Hill,AU,-31.95,141.4333,51.01,52,100,5.23,overcast clouds
135,Ahipara,NZ,-35.1667,173.1667,56.26,90,19,16.75,few clouds
136,Bathsheba,BB,13.2167,-59.5167,84.81,74,75,18.41,broken clouds
137,Moba,CN,33.2288,105.0179,66.13,75,0,2.64,clear sky
138,Adrar,MR,20.5022,-10.0711,112.98,7,8,13.82,clear sky
139,General Roca,AR,-39.0333,-67.5833,34.2,37,10,6.51,clear sky
140,Basco,PH,20.4487,121.9702,84.45,77,100,0.36,overcast clouds
141,Vila Franca Do Campo,PT,37.7167,-25.4333,72.01,63,0,9.44,clear sky
142,Acajutla,SV,13.5928,-89.8275,84.79,66,92,3.36,overcast clouds
143,Pangai,TO,-19.8,-174.35,77.05,83,16,16.33,few clouds
144,Mar Del Plata,AR,-38.0023,-57.5575,49.12,7,48,13.0,scattered clouds
145,Vuktyl,RU,63.8567,57.3094,73.47,33,4,6.93,clear sky
146,Hermanus,ZA,-34.4187,19.2345,67.8,55,5,0.76,clear sky
147,Pinotepa De Don Luis,MX,16.4167,-97.9167,73.74,83,4,2.73,clear sky
148,Nanortalik,GL,60.1432,-45.2371,49.05,95,100,17.56,moderate rain
149,Murovani Kurylivtsi,UA,48.7235,27.5189,88.47,43,33,7.16,scattered clouds
150,Bambous Virieux,MU,-20.3428,57.7575,72.21,71,73,16.87,broken clouds
151,Merauke,ID,-8.4667,140.3333,77.09,87,100,12.95,overcast clouds
152,Ulladulla,AU,-35.35,150.4667,49.08,75,49,3.13,scattered clouds
153,Belmonte,BR,-15.8631,-38.8828,81.1,64,0,3.76,clear sky
154,Darnah,LY,32.767,22.6367,80.51,64,9,16.78,clear sky
155,Airai,TL,-8.9266,125.4092,57.63,67,76,3.2,heavy intensity rain
156,Narsaq,GL,60.9167,-46.05,53.82,99,100,8.52,light rain
157,Verkhnyaya Inta,RU,65.9811,60.3094,66.25,53,82,5.97,broken clouds
158,Teguldet,RU,57.3064,88.1667,57.09,99,100,4.97,light rain
159,Bilma,NE,18.6853,12.9164,107.01,12,96,5.44,overcast clouds
160,Bowmore,US,34.9421,-79.3031,84.74,79,1,1.01,clear sky
161,Hay River,CA,60.8156,-115.7999,51.3,64,87,1.54,overcast clouds
162,Touros,BR,-5.1989,-35.4608,83.3,68,82,15.08,broken clouds
163,Avera,US,33.194,-82.5271,82.27,72,100,3.33,overcast clouds
164,Zambezi,ZM,-13.5432,23.1047,80.91,17,8,6.42,clear sky
165,Kaitangata,NZ,-46.2817,169.8464,45.23,91,99,6.96,overcast clouds
166,Coahuayana,MX,18.7333,-103.6833,81.88,77,96,2.21,overcast clouds
167,Cidreira,BR,-30.1811,-50.2056,51.57,55,1,23.49,clear sky
168,Kostroma,RU,57.7708,40.9344,85.71,28,2,3.53,clear sky
169,Thompson,CA,55.7435,-97.8558,52.93,59,100,7.52,overcast clouds
170,Umm Lajj,SA,25.0213,37.2685,90.57,53,10,8.55,clear sky
171,Chokwe,MZ,-24.5333,32.9833,69.84,44,53,12.55,broken clouds
172,Nizhniy Ingash,RU,56.2,96.53,61.38,74,4,3.51,clear sky
173,Kampot,KH,10.6167,104.1833,84.25,83,100,8.86,overcast clouds
174,Hendek,TR,40.7994,30.7481,88.12,41,1,6.78,clear sky
175,Chumikan,RU,54.7183,135.315,63.59,64,0,5.08,clear sky
176,Dudinka,RU,69.4058,86.1778,55.08,59,79,7.31,broken clouds
177,Kruisfontein,ZA,-34.0033,24.7314,76.89,19,0,7.83,clear sky
178,Vardo,NO,70.3705,31.1107,52.25,80,99,12.24,overcast clouds
179,Phalaborwa,ZA,-23.943,31.1411,69.39,23,3,11.23,clear sky
180,Madisonville,US,37.3281,-87.4989,77.23,86,100,0.58,overcast clouds
181,Suzun,RU,53.7841,82.3116,60.04,97,93,3.69,overcast clouds
182,Circleville,US,39.6006,-82.946,76.55,73,100,5.86,overcast clouds
183,Victoria,HK,22.2855,114.1577,84.38,87,100,1.99,light rain
184,Camargo,MX,27.6667,-105.1667,78.12,49,73,9.31,broken clouds
185,Yerbogachen,RU,61.2767,108.0108,60.12,71,100,7.27,overcast clouds
186,Bollnas,SE,61.3482,16.3946,70.12,41,55,14.14,broken clouds
187,Skovorodino,RU,53.9833,123.9167,67.26,65,100,3.02,overcast clouds
188,Rawson,AR,-43.3002,-65.1023,42.57,58,7,13.94,clear sky
189,Hukuntsi,BW,-24.0,21.75,68.18,17,0,8.5,clear sky
190,Salalah,OM,17.0151,54.0924,78.33,90,84,10.92,broken clouds
191,Kaohsiung,TW,22.6163,120.3133,84.04,81,75,3.0,light rain
192,Soe,ID,-9.8607,124.284,61.75,80,24,4.36,few clouds
193,Paamiut,GL,61.994,-49.6678,45.25,97,100,26.51,light rain
194,Opopeo,MX,19.4,-101.6,58.06,87,37,2.98,scattered clouds
195,Naze,JP,28.3667,129.4833,79.21,82,90,14.07,overcast clouds
196,Emba,KZ,48.8264,58.1442,90.55,27,89,7.87,overcast clouds
197,Araceli,PH,10.5529,119.9913,81.57,81,100,14.94,moderate rain
198,Kazachinskoye,RU,57.6953,93.2761,62.78,83,100,4.83,overcast clouds
199,Katsuura,JP,35.1333,140.3,82.11,93,68,9.1,broken clouds
200,Saint-Philippe,RE,-21.3585,55.7679,71.19,86,61,15.26,light rain
201,San Cristobal,VE,7.7669,-72.225,80.78,57,42,8.37,scattered clouds
202,Asfi,MA,32.2994,-9.2372,84.56,43,0,22.3,clear sky
203,Upata,VE,8.0086,-62.3989,80.4,69,51,8.05,broken clouds
204,Jaicos,BR,-7.3592,-41.1378,92.28,32,3,7.92,clear sky
205,Kharian,PK,32.8149,73.8636,94.35,40,50,10.78,scattered clouds
206,Zalaegerszeg,HU,46.84,16.8439,81.75,80,100,7.94,overcast clouds
207,Vanimo,PG,-2.6741,141.3028,77.92,87,100,2.8,overcast clouds
208,Loandjili,CG,-4.7561,11.8578,75.33,76,100,6.76,overcast clouds
209,Ostrogozhsk,RU,50.8664,39.0756,88.83,37,50,3.27,scattered clouds
210,Guerrero Negro,MX,27.9769,-114.0611,68.65,86,0,8.88,clear sky
211,Povenets,RU,62.8487,34.8262,78.13,37,2,13.29,clear sky
212,Arraial Do Cabo,BR,-22.9661,-42.0278,75.06,78,20,6.91,few clouds
213,Usakos,NA,-22.0,15.6,79.12,21,5,5.5,clear sky
214,Shieli,KZ,44.1667,66.75,96.26,13,0,10.76,clear sky
215,Brae,GB,60.3964,-1.353,55.31,74,58,8.9,broken clouds
216,Jabinyanah,TN,35.035,10.9081,89.92,37,40,10.38,scattered clouds
217,Bria,CF,6.5423,21.9863,77.04,90,86,5.28,moderate rain
218,Saskylakh,RU,71.9167,114.0833,63.39,52,100,9.01,overcast clouds
219,Eqbaliyeh,IR,35.3022,51.5358,102.02,12,1,9.64,clear sky
220,Iskateley,RU,67.6803,53.1512,71.22,40,23,6.4,few clouds
221,Bassila,BJ,9.0081,1.6654,82.45,69,100,5.95,light rain
222,Boueni,YT,-12.9025,45.0761,78.78,71,8,14.61,clear sky
223,Mareeba,AU,-17.0,145.4333,65.12,73,98,2.48,overcast clouds
224,Durban,ZA,-29.8579,31.0292,68.92,66,0,3.0,clear sky
225,Pocri,PA,8.2667,-80.55,78.62,81,99,2.42,overcast clouds
226,Beisfjord,NO,68.3751,17.5988,57.25,91,100,5.53,overcast clouds
227,Santander,ES,43.4647,-3.8044,78.71,87,20,5.99,few clouds
228,Labuhan,ID,-6.8844,112.2051,78.98,77,9,6.8,clear sky
229,Acarau,BR,-2.8856,-40.12,87.53,56,13,11.86,few clouds
230,Olafsvik,IS,64.8945,-23.7142,51.35,82,69,11.97,broken clouds
231,Beringovskiy,RU,63.05,179.3167,49.5,89,13,9.4,few clouds
232,Ballina,AU,-28.8667,153.5667,52.79,69,86,4.76,overcast clouds
233,Venado Tuerto,AR,-33.7456,-61.9688,47.89,54,0,15.7,clear sky
234,Poplar Bluff,US,36.757,-90.3929,77.63,92,90,0.0,overcast clouds
235,Kinsale,IE,51.7075,-8.5306,76.37,69,20,8.05,few clouds
236,Esperance,AU,-33.8667,121.9,55.09,80,19,11.52,few clouds
237,Trairi,BR,-3.2778,-39.2689,87.82,54,95,13.09,overcast clouds
238,Kaura Namoda,NG,12.5898,6.5779,90.32,47,98,10.74,overcast clouds
239,Port Augusta,AU,-32.5,137.7667,41.14,55,100,5.5,overcast clouds
240,Lavrentiya,RU,65.5833,-171.0,43.86,98,99,8.46,overcast clouds
241,Carutapera,BR,-1.195,-46.02,85.5,64,10,5.84,clear sky
242,Ahuimanu,US,21.4447,-157.8378,78.51,75,75,6.91,broken clouds
243,Ancud,CL,-41.8697,-73.8203,38.73,81,100,4.41,overcast clouds
244,Kodiak,US,57.79,-152.4072,57.24,80,93,3.56,overcast clouds
245,Vincennes,FR,48.85,2.4333,85.32,47,0,12.66,clear sky
246,Jiuquan,CN,39.7432,98.5174,88.03,16,0,5.35,clear sky
247,Camalu,MX,30.85,-116.0667,69.69,86,11,3.58,few clouds
248,Treinta Y Tres,UY,-33.2333,-54.3833,46.47,73,100,28.43,overcast clouds
249,San Patricio,US,28.017,-97.5169,87.66,76,3,5.1,clear sky
250,Skibbereen,IE,51.55,-9.2667,76.8,63,91,7.27,overcast clouds
251,Rio Gallegos,AR,-51.6226,-69.2181,41.05,65,0,3.44,clear sky
252,Whitianga,NZ,-36.8333,175.7,54.01,87,84,15.97,broken clouds
253,Puerto Del Rosario,ES,28.5004,-13.8627,94.68,54,0,10.36,clear sky
254,Faanui,PF,-16.4833,-151.75,79.18,71,99,22.44,light rain
255,Samarai,PG,-10.6167,150.6667,79.43,82,100,15.95,overcast clouds
256,Lindi,TZ,-10.0,39.7167,77.4,62,93,10.65,overcast clouds
257,Basar,IN,27.9833,94.6667,73.92,99,100,0.51,overcast clouds
258,Kirakira,SB,-10.4544,161.9205,78.73,84,100,10.49,overcast clouds
259,Maragogi,BR,-9.0122,-35.2225,80.13,74,33,10.11,scattered clouds
260,Aykhal,RU,66.0,111.5,60.8,79,100,18.43,overcast clouds
261,Dongsheng,CN,39.8161,109.9776,80.04,35,0,6.42,clear sky
262,Portland,US,45.5234,-122.6762,60.42,82,1,1.01,clear sky
263,Shingu,JP,33.7333,135.9833,79.92,94,65,3.11,broken clouds
264,Gari,RU,59.4307,62.3497,68.45,71,80,4.54,light rain
265,Abapo,BO,-18.8333,-63.4667,57.76,36,100,7.34,overcast clouds
266,Abrau-Dyurso,RU,44.69,37.59,85.48,62,0,5.84,clear sky
267,Gravelbourg,CA,49.8834,-106.5512,74.17,43,0,9.95,clear sky
268,Biak,ID,-0.9131,122.8766,76.19,86,100,3.91,overcast clouds
269,Jiangyou,CN,31.7667,104.7167,78.73,86,99,2.15,light rain
270,Damietta,EG,31.4165,31.8133,85.12,56,0,13.8,clear sky
271,Bam,IR,29.106,58.357,94.42,33,67,7.07,broken clouds
272,Tessalit,ML,20.1986,1.0114,108.54,10,25,3.74,scattered clouds
273,Talnakh,RU,69.4865,88.3972,55.72,76,100,6.4,overcast clouds
274,Le Port,RE,-20.9373,55.2919,71.6,74,30,5.95,light rain
275,Deputatskiy,RU,69.3,139.9,39.06,73,5,1.66,clear sky
276,Mansa,IN,29.9833,75.3833,90.72,64,100,17.83,light rain
277,Tayu,ID,-6.5397,111.0518,80.01,79,22,6.96,few clouds
278,Patacamaya,BO,-17.2333,-67.9167,43.59,65,29,7.78,scattered clouds
279,Leningradskiy,RU,69.3833,178.4167,36.57,94,100,10.4,moderate rain
280,Peniche,PT,39.3558,-9.3811,78.28,76,72,14.85,broken clouds
281,Dengzhou,CN,37.8086,120.7508,75.33,85,0,6.85,clear sky
282,Mount Gambier,AU,-37.8333,140.7667,46.22,98,100,5.06,overcast clouds
283,Boa Esperanca,BR,-21.09,-45.5658,77.56,37,22,5.55,few clouds
284,Sohag,EG,26.557,31.6948,107.51,9,7,9.84,clear sky
285,Lodja,CD,-3.4833,23.4333,96.13,18,66,4.09,broken clouds
286,Bethel,US,41.3712,-73.414,77.47,92,95,5.3,overcast clouds
287,Loviisa,FI,60.4566,26.2251,78.46,48,2,16.55,clear sky
288,Pangody,RU,65.85,74.4859,63.97,41,22,3.89,few clouds
289,Midland,US,31.9974,-102.0779,80.47,76,40,6.91,scattered clouds
290,Batemans Bay,AU,-35.7167,150.1833,47.91,76,48,4.41,scattered clouds
291,Zonguldak,TR,41.25,31.8333,83.25,39,19,4.74,few clouds
292,Tornio,FI,65.8481,24.1466,60.82,73,40,12.62,scattered clouds
293,Kungurtug,RU,50.5994,97.5228,61.65,58,100,1.7,overcast clouds
294,Uyuni,BO,-20.4597,-66.825,43.52,15,0,3.51,clear sky
295,Sitka,US,57.0531,-135.33,57.09,88,75,0.0,light rain
296,Alice Springs,AU,-23.7,133.8833,45.95,66,51,0.0,broken clouds
297,Camacha,PT,33.0833,-16.3333,77.76,64,40,14.97,scattered clouds
298,Gisborne,NZ,-38.6533,178.0042,49.95,79,24,8.81,few clouds
299,Sitniki,RU,56.4553,44.0666,87.78,31,17,7.31,few clouds
300,Opuwo,NA,-18.0607,13.84,79.63,23,0,11.14,clear sky
301,Okhotsk,RU,59.3833,143.3,62.08,80,17,6.11,few clouds
302,Vestmannaeyjar,IS,63.4427,-20.2734,50.99,87,90,14.97,overcast clouds
303,Iqaluit,CA,63.7506,-68.5145,43.7,67,99,8.01,overcast clouds
304,Mathathane,BW,-22.2687,28.7495,70.25,21,4,11.77,clear sky
305,Zhaoqing,CN,23.0512,112.4597,79.07,90,100,1.77,overcast clouds
306,Nizhneudinsk,RU,54.9076,99.0276,59.92,81,86,1.12,light rain
307,Williams Lake,CA,52.1415,-122.1445,58.01,67,85,1.43,overcast clouds
308,Christchurch,NZ,-43.5333,172.6333,47.91,93,75,1.99,broken clouds
309,Narasannapeta,IN,18.4167,84.05,83.66,77,39,12.39,scattered clouds
310,Sistranda,NO,63.7256,8.834,53.91,77,100,24.58,overcast clouds
311,Varhaug,NO,58.6147,5.6457,61.79,71,22,24.56,few clouds
312,Talaja,IN,21.35,72.05,86.31,71,99,12.62,overcast clouds
313,Canyon,US,34.9803,-101.9188,72.66,80,94,4.85,overcast clouds
314,Gamba,GA,-2.65,10.0,76.41,68,11,10.69,few clouds
315,Kharitonovo,RU,61.4009,47.4978,79.03,34,27,5.03,scattered clouds
316,Neiafu,TO,-18.65,-173.9833,77.68,83,20,8.05,few clouds
317,Longyearbyen,SJ,78.2186,15.6401,40.84,100,90,6.91,light rain
318,Mahebourg,MU,-20.4081,57.7,73.26,71,67,17.05,broken clouds
319,Sioux Lookout,CA,50.1001,-91.917,78.78,38,36,3.58,scattered clouds
320,Kut Chap,TH,17.4257,102.5669,85.64,91,100,5.57,moderate rain
321,Mucurapo,TT,10.6667,-61.5333,87.03,76,10,9.08,clear sky
322,Iralaya,HN,15.0,-83.2333,78.89,82,100,13.02,overcast clouds
323,The Valley,AI,18.217,-63.0578,86.14,74,40,18.41,scattered clouds
324,Norman Wells,CA,65.282,-126.8329,61.84,50,56,5.08,broken clouds
325,Pisco,PE,-13.7,-76.2167,62.65,82,90,4.61,overcast clouds
326,Zhigalovo,RU,54.8097,105.1578,57.94,95,98,2.55,overcast clouds
327,Mitsamiouli,KM,-11.3847,43.2844,77.23,70,14,12.57,light rain
328,Blagodatnoye,RU,45.3997,42.5867,97.72,18,0,10.02,clear sky
329,Havre-Saint-Pierre,CA,50.2334,-63.5986,64.18,67,0,11.7,clear sky
330,Susehri,TR,40.1644,38.0867,92.32,26,36,1.1,light rain
331,Gombe,NG,10.2897,11.1673,81.46,58,100,8.28,overcast clouds
332,Kailua,US,21.4022,-157.7394,78.78,75,75,6.91,broken clouds
333,Nishihara,JP,26.1842,127.7558,83.48,79,20,12.66,few clouds
334,Demba,CD,-5.51,22.2667,95.09,16,54,4.21,broken clouds
335,Saint-Georges,GD,12.0564,-61.7485,82.71,76,0,14.34,clear sky
336,Cabo San Lucas,MX,22.8909,-109.9124,83.52,80,94,5.01,overcast clouds
337,Evensk,RU,61.95,159.2333,55.96,84,100,8.39,overcast clouds
338,Santa Engracia,ES,41.9406,-1.3245,93.13,25,0,22.7,clear sky
339,Soligalich,RU,59.0778,42.2864,80.62,34,0,2.06,clear sky
340,Goderich,CA,43.7501,-81.7165,74.03,82,48,10.78,scattered clouds
341,Mazsalaca,LV,57.8633,25.0547,84.25,47,0,11.12,clear sky
342,Zapolyarnyy,RU,69.4154,30.8136,56.48,93,100,9.69,light rain
343,Mapiri,BO,-15.25,-68.1667,67.86,98,100,1.14,overcast clouds
344,Nurmijarvi,FI,60.4641,24.8073,80.51,42,20,19.57,few clouds
345,Port Lincoln,AU,-34.7333,135.8667,52.77,82,99,11.88,overcast clouds
346,Vostok,RU,46.4856,135.8833,66.81,81,0,3.67,clear sky
347,Praia,CV,14.9215,-23.5087,84.74,58,0,14.97,clear sky
348,Buzmeyin,TM,38.0507,58.2056,101.93,11,0,13.8,clear sky
349,Adelaide,AU,-34.9333,138.6,49.55,88,0,10.36,clear sky
350,Freital,DE,51.0017,13.6488,80.69,57,40,5.99,scattered clouds
351,Kavaratti,IN,10.5669,72.642,82.29,78,100,20.4,overcast clouds
352,Maridi,SS,4.9158,29.4742,78.75,68,68,3.44,light rain
353,Baturaja,ID,-4.1333,104.1667,76.59,82,57,2.8,broken clouds
354,Huarmey,PE,-10.0681,-78.1522,65.64,76,56,6.4,broken clouds
355,De-Kastri,RU,51.4667,140.7833,64.44,66,0,3.06,clear sky
356,Kasongo-Lunda,CD,-6.4667,16.8167,98.4,13,28,3.58,scattered clouds
357,Eureka,US,40.8021,-124.1637,54.19,94,1,1.01,clear sky
358,Buala,SB,-8.145,159.5921,80.4,85,100,9.46,overcast clouds
359,Juneau,US,58.3019,-134.4197,59.22,89,75,12.66,light rain
360,Tuatapere,NZ,-46.1333,167.6833,42.66,95,39,3.87,scattered clouds
361,Puerto Madryn,AR,-42.7692,-65.0385,43.0,59,3,15.35,clear sky
362,Rabo De Peixe,PT,37.8,-25.5833,71.11,73,40,12.66,scattered clouds
363,Fuling,CN,29.7022,107.3919,78.8,88,13,3.22,heavy intensity rain
364,Westport,US,41.1415,-73.3579,78.75,88,90,3.0,overcast clouds
365,Waipawa,NZ,-41.4122,175.5153,48.83,94,89,4.94,overcast clouds
366,Moose Factory,CA,51.2585,-80.6094,49.57,65,74,8.03,broken clouds
367,Severo-Yeniseyskiy,RU,60.3725,93.0408,56.82,80,100,4.32,light rain
368,Nyurba,RU,63.2842,118.3319,70.47,65,100,6.51,overcast clouds
369,Imbituba,BR,-28.24,-48.6703,62.49,40,1,9.55,clear sky
370,Tigre,AR,-34.426,-58.5796,48.22,73,75,21.85,broken clouds
371,Haines Junction,CA,60.7522,-137.5108,53.49,52,6,1.03,clear sky
372,Makokou,GA,0.5738,12.8642,88.7,43,71,3.53,broken clouds
373,Port Hedland,AU,-20.3167,118.5667,62.65,63,8,1.14,clear sky
374,Isangel,VU,-19.55,169.2667,75.54,86,74,3.0,broken clouds
375,Coquimbo,CL,-29.9533,-71.3436,47.93,93,90,4.61,overcast clouds
376,Chapais,CA,49.7834,-74.8492,75.45,48,0,5.53,clear sky
377,Tiksi,RU,71.6872,128.8694,41.5,74,100,5.77,overcast clouds
378,Vung Tau,VN,10.346,107.0843,79.92,75,100,14.41,moderate rain
379,Shakhtinsk,KZ,49.71,72.5872,79.36,46,26,12.62,scattered clouds
380,Komsomolskiy,UZ,40.4272,71.7189,83.12,44,100,6.91,overcast clouds
381,Hofn,IS,64.2539,-15.2082,53.62,87,20,12.66,few clouds
382,Palauig,PH,15.435,119.9045,80.56,87,100,9.95,heavy intensity rain
383,Ormara,PK,25.2088,64.6357,83.57,83,18,27.0,few clouds
384,Cayenne,GF,4.9333,-52.3333,87.84,73,40,5.01,scattered clouds
385,Saldanha,ZA,-33.0117,17.9442,67.37,51,0,14.7,clear sky
386,Kenai,US,60.5544,-151.2583,56.14,93,1,0.0,light rain
387,Sanmenxia,CN,34.7747,111.1814,76.23,87,100,6.33,overcast clouds
388,Straumen,NO,63.8709,11.2999,55.62,89,100,15.48,overcast clouds
389,Bokaro,IN,23.7833,85.9667,88.05,62,100,4.83,overcast clouds
390,Dingle,PH,10.9995,122.6711,77.77,86,100,6.69,light rain
391,Dwarka,IN,22.2394,68.9678,84.43,79,100,22.17,overcast clouds
392,Alofi,NU,-19.0595,-169.9187,76.44,77,14,18.19,few clouds
393,Marawi,PH,7.9986,124.2928,70.65,87,100,4.38,light rain
394,Aswan,EG,24.0934,32.907,108.66,9,24,9.6,few clouds
395,Morro Bay,US,35.3658,-120.8499,63.12,80,100,2.91,overcast clouds
396,Jambi,ID,-1.6,103.6167,77.23,81,81,2.24,broken clouds
397,Aksarka,RU,66.5606,67.7975,65.89,72,85,8.88,moderate rain
398,Husavik,IS,66.0449,-17.3389,57.18,71,7,5.73,clear sky
399,Sobolevo,RU,54.4299,31.8996,80.24,62,76,9.4,broken clouds
400,Bodaybo,RU,57.8506,114.1933,67.64,93,56,4.88,light rain
401,Esso,RU,55.9333,158.7,51.94,100,100,3.74,overcast clouds
402,Turukhansk,RU,65.8167,87.9833,58.87,66,100,3.71,overcast clouds
403,Mecca,SA,21.4267,39.8261,97.3,18,100,12.73,overcast clouds
404,Sisimiut,GL,66.9395,-53.6735,52.65,78,34,7.4,scattered clouds
405,Ola,RU,59.5833,151.2833,55.72,88,100,5.97,overcast clouds
406,Betare Oya,CM,5.6,14.0833,77.97,76,93,4.65,light rain
407,Albanel,CA,48.8832,-72.4487,73.89,60,73,1.39,broken clouds
408,Saint-Pierre,RE,-21.3393,55.4781,71.28,84,90,20.71,light rain
409,Santa Cruz,BO,-17.8,-63.1667,65.07,37,95,16.89,overcast clouds
410,Svetlyy,RU,54.675,20.1347,73.45,72,3,16.91,clear sky
411,Marana,US,32.4367,-111.2254,84.79,68,90,11.5,overcast clouds
412,Saurimo,AO,-9.6608,20.3916,85.78,15,97,5.35,overcast clouds
413,Flinders,AU,-34.5833,150.8552,51.21,72,17,1.01,few clouds
414,Tiznit,MA,29.5833,-9.5,104.76,9,4,16.26,clear sky
415,Rantepao,ID,-2.9701,119.8978,68.63,98,98,1.5,overcast clouds
416,Carndonagh,IE,55.25,-7.2667,65.82,77,62,7.43,broken clouds
417,Oyama,JP,36.3,139.8,84.58,74,6,5.5,clear sky
418,Praia Da Vitoria,PT,38.7333,-27.0667,71.76,80,7,7.02,clear sky
419,Kaeo,NZ,-35.1,173.7833,54.32,94,68,15.21,light rain
420,Drochia,MD,48.035,27.8161,81.68,57,100,3.94,overcast clouds
421,Kropotkin,RU,45.4375,40.5756,99.79,18,0,7.36,clear sky
422,Russell,US,32.3502,-85.1999,78.8,84,40,0.0,light intensity drizzle
423,Ejura,GH,7.3856,-1.3562,82.96,65,91,3.98,overcast clouds
424,Hami,CN,42.8,93.45,80.83,32,100,15.01,overcast clouds
425,Sabha,LY,27.0377,14.4283,99.9,11,0,14.94,clear sky
426,Muzhi,RU,65.3667,64.6667,69.94,52,47,11.05,scattered clouds
427,Grindavik,IS,63.8424,-22.4338,48.67,93,90,5.75,overcast clouds
428,Cazones,MX,20.7167,-97.3167,76.8,94,75,0.0,broken clouds
429,Cabedelo,BR,-6.9811,-34.8339,81.27,70,23,14.9,few clouds
430,Atchison,US,39.563,-95.1216,75.49,91,0,7.05,clear sky
431,Divnogorsk,RU,55.9594,92.3619,64.89,69,90,2.55,overcast clouds
432,Amethi,IN,26.15,81.8167,85.01,73,68,9.15,broken clouds
433,Suhbaatar,MN,50.2314,106.2078,60.75,88,100,4.27,overcast clouds
434,Jaguey Grande,CU,22.5269,-81.1286,84.85,63,0,10.11,clear sky
435,Rairangpur,IN,22.2676,86.1751,85.91,66,97,5.53,heavy intensity rain
436,Aguimes,ES,27.9054,-15.4461,84.67,54,0,26.46,clear sky
437,Guadalupe Victoria,MX,32.2869,-115.105,91.58,51,6,9.35,clear sky
438,Pochutla,MX,15.7432,-96.4661,78.82,69,100,0.96,overcast clouds
439,Sao Lourenco Do Sul,BR,-31.3653,-51.9783,48.25,60,9,21.9,clear sky
440,Itarema,BR,-2.9248,-39.9167,87.73,54,18,13.0,few clouds
441,Saint-Francois,FR,46.4154,3.9054,83.68,41,0,12.66,clear sky
442,Agropoli,IT,40.3469,14.9966,79.29,63,99,4.27,light rain
443,Najran,SA,17.4924,44.1277,88.83,26,96,17.81,overcast clouds
444,Dormidontovka,RU,47.7702,134.9076,68.34,85,20,2.62,few clouds
445,Perepravnaya,RU,44.3366,40.7849,91.54,39,35,3.58,scattered clouds
446,Caravelas,BR,-17.7125,-39.2481,81.18,47,0,7.4,clear sky
447,Taksimo,RU,56.3444,114.8794,74.05,54,86,1.59,overcast clouds
448,Mabaruma,GY,8.2,-59.7833,79.43,94,99,4.07,overcast clouds
449,Maasin,PH,10.1336,124.8447,82.49,78,80,7.81,broken clouds
450,Alexandria,EG,31.2156,29.9553,83.86,63,0,12.57,clear sky
451,Filadelfia,US,39.9523,-75.1638,80.29,80,40,5.01,scattered clouds
452,Wagga Wagga,AU,-35.1167,147.3667,46.81,100,100,0.0,overcast clouds
453,Srednekolymsk,RU,67.45,153.6833,48.52,51,100,8.12,overcast clouds
454,Turbat,PK,26.0023,63.044,93.2,52,1,22.53,clear sky
455,Haimen,CN,23.1935,116.6142,80.24,87,100,9.66,overcast clouds
456,Bonavista,CA,48.6499,-53.1147,62.64,68,10,7.74,clear sky
457,Bodden Town,KY,19.2833,-81.25,88.0,76,66,3.0,broken clouds
458,Bandarbeyla,SO,9.4942,50.8122,80.8,68,94,30.2,overcast clouds
459,Vila Velha,BR,-20.3297,-40.2925,84.15,61,0,10.36,clear sky
460,Bairnsdale,AU,-37.8333,147.6167,49.69,92,76,6.31,broken clouds
461,Paramonga,PE,-10.6667,-77.8333,65.07,77,65,8.34,broken clouds
462,Sibolga,ID,1.7427,98.7792,76.75,77,36,2.66,scattered clouds
463,Clyde River,CA,70.4692,-68.5914,36.09,86,100,7.23,overcast clouds
464,Chatham,GB,51.3789,0.5279,90.16,48,4,4.0,clear sky
465,Smithers,CA,54.7804,-127.1743,52.81,82,88,1.16,overcast clouds
466,Presidencia Roque Saenz Pena,AR,-26.7852,-60.4388,54.52,26,0,8.97,clear sky
467,Ilhabela,BR,-23.7781,-45.3581,72.32,77,53,6.87,broken clouds
468,Trapani,IT,37.8333,12.6667,82.92,59,1,18.63,clear sky
469,Belle Fourche,US,44.6714,-103.8522,82.11,43,0,3.42,clear sky
470,Hudson Bay,CA,52.85,-102.3842,61.52,91,86,8.39,overcast clouds
471,Cockburn Town,TC,21.4612,-71.1419,81.61,81,100,19.82,overcast clouds
472,Opaka,BG,43.45,26.1667,93.69,34,3,14.88,clear sky
473,Hinton,CA,53.4001,-117.5857,58.1,97,100,2.71,overcast clouds
474,Berezanskaya,RU,45.7056,39.5932,101.5,15,0,4.09,clear sky
475,San Policarpo,PH,12.1791,125.5072,79.5,86,90,4.88,overcast clouds
476,Ojinaga,MX,29.5667,-104.4167,84.42,69,1,5.75,clear sky
477,Baoqing,CN,46.3317,132.2111,73.18,88,72,1.95,broken clouds
478,Dali,CN,25.7,100.1833,66.36,87,100,3.31,overcast clouds
479,Usinsk,RU,65.9939,57.5281,69.22,48,96,7.29,overcast clouds
480,Penzance,GB,50.1186,-5.5371,81.61,71,0,9.93,clear sky
481,Snezhnogorsk,RU,69.1933,33.2531,58.78,84,100,10.69,overcast clouds
482,Bakhmach,UA,51.1808,32.7569,89.33,39,13,2.53,few clouds
483,Omboue,GA,-1.5746,9.2618,78.39,67,7,11.32,clear sky
484,Malinovoye Ozero,RU,51.6753,79.7825,73.06,54,45,7.76,scattered clouds
485,Chegdomyn,RU,51.1167,133.0167,64.35,77,100,2.66,overcast clouds
486,San Quintin,MX,30.4833,-115.95,68.83,88,23,6.02,few clouds
487,Pagatin,PH,6.9731,124.4753,76.15,93,100,1.92,overcast clouds
488,Leleasca,RO,44.7833,24.4333,91.17,25,0,15.46,clear sky
489,Eldorado,BR,-23.7869,-54.2836,55.08,49,14,12.33,few clouds
490,Semirom,IR,31.4167,51.5667,68.97,58,98,8.7,overcast clouds
491,Krasnoselkup,RU,65.7,82.4667,60.1,56,12,6.8,few clouds
492,Jining,CN,35.405,116.5814,75.81,81,79,10.07,broken clouds
493,Villanueva De La Serena,ES,38.9766,-5.7974,95.83,12,0,3.2,clear sky
494,Kamina,CD,-8.7386,24.9906,84.54,18,2,5.48,clear sky
495,Namatanai,PG,-3.6667,152.4333,78.51,84,100,4.68,overcast clouds
496,Chaihe,CN,44.7667,129.7,73.38,83,96,3.78,overcast clouds
497,Debno,PL,52.739,14.698,83.53,52,1,13.69,clear sky
498,Aklavik,CA,68.2191,-135.0107,54.43,77,96,16.4,overcast clouds
499,Mercedes,AR,-34.6515,-59.4307,47.86,56,100,21.47,overcast clouds
500,Port Blair,IN,11.6667,92.75,80.94,85,100,19.77,heavy intensity rain
501,Henties Bay,NA,-22.116,14.2845,81.77,31,3,2.06,clear sky
502,Raudeberg,NO,61.9875,5.1352,55.0,74,98,3.06,overcast clouds
503,Russellville,US,35.2784,-93.1338,74.84,95,75,3.44,broken clouds
504,Havoysund,NO,70.9963,24.6622,54.48,91,90,13.44,overcast clouds
505,Atlantic Beach,US,30.3344,-81.3987,88.23,74,1,6.91,clear sky
506,Ankara,TR,39.9199,32.8543,99.95,15,20,1.01,few clouds
507,Krasnyy Kut,RU,50.95,46.9667,89.74,36,42,10.09,scattered clouds
508,Rock Sound,BS,24.9,-76.2,82.26,74,11,15.97,few clouds
509,Waingapu,ID,-9.6567,120.2641,74.26,81,100,8.39,overcast clouds
510,Antofagasta,CL,-23.65,-70.4,54.68,63,100,3.58,overcast clouds
511,Jalingo,NG,8.8833,11.3667,79.09,81,100,5.73,overcast clouds
512,Linxia,CN,35.6003,103.2064,63.66,74,99,5.99,overcast clouds
513,Aleksandrov Gay,RU,50.147,48.5704,94.71,27,32,9.64,scattered clouds
514,Otradnoye,RU,59.7775,30.8181,82.45,28,6,9.42,clear sky
515,Horodnytsya,UA,50.807,27.3168,88.86,42,48,5.66,scattered clouds
516,Tucuman,AR,-26.8241,-65.2226,50.0,57,95,4.61,overcast clouds
517,Tautira,PF,-17.7333,-149.15,71.62,77,100,24.92,moderate rain
518,Lata,PT,40.1629,-8.3327,86.49,46,0,11.61,clear sky
519,Houma,US,29.5958,-90.7195,86.0,87,1,0.0,clear sky
520,Viking,CA,53.1001,-111.7684,55.0,70,11,6.93,few clouds
521,Kuah,MY,6.3265,99.8432,84.99,64,95,4.03,overcast clouds
522,Luderitz,NA,-26.6481,15.1594,80.58,26,0,8.05,clear sky
523,Tual,ID,-5.6667,132.75,80.08,82,99,18.72,overcast clouds
524,Dafeng,CN,23.4517,108.5881,81.72,78,90,1.92,overcast clouds
525,Ponta Delgada,PT,37.7333,-25.6667,72.32,73,40,12.66,scattered clouds
526,Mityana,UG,0.4175,32.0228,77.2,41,100,7.83,overcast clouds
527,Bloemfontein,ZA,-29.1211,26.214,63.14,14,0,5.97,clear sky
528,Rotifunk,SL,8.2333,-12.6833,78.13,90,100,3.27,light rain
529,Marzuq,YE,14.4,46.4667,87.51,39,59,8.28,broken clouds
530,Carauari,BR,-4.8828,-66.8958,84.78,63,4,2.82,clear sky
531,Graciano Sanchez,MX,23.9167,-99.2833,76.15,67,98,2.26,overcast clouds
532,Sampit,ID,-2.5333,112.95,74.59,97,97,3.31,overcast clouds
533,Ust-Barguzin,RU,53.45,108.9833,53.85,100,100,3.38,overcast clouds
534,Ninh Binh,VN,20.2539,105.975,80.85,90,92,4.85,overcast clouds
535,Vilhena,BR,-12.7406,-60.1458,81.27,37,9,7.72,clear sky
536,Bryan,US,30.6744,-96.37,83.66,87,1,3.44,clear sky
537,Baruun-Urt,MN,46.6806,113.2792,62.02,88,1,7.02,clear sky
538,Andapa,MG,-14.65,49.65,65.93,93,77,2.46,light rain
539,Rio Sereno,PA,8.8167,-82.8667,75.85,79,99,0.76,overcast clouds
540,Salvador,SV,13.8333,-88.9167,78.04,88,100,3.02,overcast clouds
541,Beian,NO,63.6559,9.5683,55.67,87,75,21.85,broken clouds
542,Sungaipenuh,ID,-2.0833,101.3833,65.93,99,57,0.87,broken clouds
543,Dangriga,BZ,16.9692,-88.2321,85.96,83,100,14.7,overcast clouds
544,Jinchang,CN,38.4953,102.1739,85.06,25,59,10.78,broken clouds
545,Ibanda,TZ,-2.7974,32.4746,81.86,28,49,7.72,scattered clouds
546,Tagusao,PH,9.1924,117.8141,80.35,82,100,13.27,overcast clouds
547,Altay,CN,47.8667,88.1167,68.63,36,6,7.61,clear sky
548,Mount Isa,AU,-20.7333,139.5,51.57,50,6,8.05,clear sky
549,Alugan,PH,12.2188,125.4808,78.98,87,88,4.54,overcast clouds
550,Urumqi,CN,43.801,87.6005,77.95,29,0,2.24,clear sky
551,Kijang,KR,35.2442,129.2139,77.22,87,100,6.17,overcast clouds
552,Korla,CN,41.7597,86.1469,82.02,26,0,12.57,clear sky
553,Jacareacanga,BR,-6.2222,-57.7528,91.94,38,5,2.17,clear sky
554,Rupert,US,42.6191,-113.6772,73.29,59,1,0.0,clear sky
555,Tura,IN,25.5198,90.2201,75.78,96,100,3.27,overcast clouds
556,Egvekinot,RU,66.3167,-179.1667,41.92,97,100,4.65,overcast clouds
557,Pihuamo,MX,19.2499,-103.3828,73.29,84,95,3.96,overcast clouds
558,Stilfontein,ZA,-26.8449,26.7683,63.68,9,0,9.06,clear sky
559,Blagoyevo,RU,63.3667,47.9167,73.54,45,100,3.56,overcast clouds
560,Buenos Aires,AR,-34.6132,-58.3772,48.02,72,40,11.5,scattered clouds
561,Shache,CN,38.4167,77.2406,89.31,28,15,0.63,few clouds
562,Bubaque,GW,11.2833,-15.8333,81.95,75,42,8.03,scattered clouds
563,Svatove,UA,49.4103,38.1503,89.94,39,55,3.06,broken clouds
564,Khasan,RU,42.4308,130.6434,73.29,94,40,5.35,scattered clouds
565,Mezhdurechensk,RU,53.6942,88.0603,67.03,72,100,3.74,overcast clouds
566,Kokstad,ZA,-30.5472,29.4241,60.4,23,0,5.39,clear sky
567,Peace River,CA,56.2501,-117.286,53.65,100,100,5.14,overcast clouds
568,Netivot,IL,31.4222,34.5886,94.6,40,0,14.9,clear sky
569,Shahr-E Babak,IR,30.1165,55.1186,83.41,38,94,10.11,overcast clouds
570,Tabriz,IR,38.08,46.2919,90.86,22,20,6.91,few clouds
571,Fort Frances,CA,48.5999,-93.4003,73.62,71,1,3.44,clear sky
572,Gijon,ES,43.5357,-5.6615,81.25,78,0,10.0,clear sky
573,Koungou,YT,-12.7336,45.2042,78.51,65,75,14.97,broken clouds
574,Tezu,IN,27.9167,96.1667,78.13,98,99,2.26,light rain
575,Malanje,AO,-9.5402,16.341,87.44,15,10,3.87,clear sky
576,Amapa,BR,1.0,-52.0,84.0,64,6,4.05,clear sky
577,Lollar,DE,50.6465,8.705,83.68,55,0,1.99,clear sky
578,Wamba,NG,8.9333,8.6,77.5,83,100,3.51,light rain
579,Vangaindrano,MG,-23.35,47.6,68.41,89,89,4.54,light rain
580,Muros,ES,42.7762,-9.0603,84.7,80,56,6.82,broken clouds
581,Port Macquarie,AU,-31.4333,152.9167,47.37,71,46,6.67,scattered clouds
582,Bairiki,KI,1.3292,172.9752,82.4,78,75,5.75,broken clouds
583,Cabrero,CL,-37.0333,-72.4,46.83,53,0,8.05,clear sky
584,Ambilobe,MG,-13.2,49.05,77.32,55,100,3.76,overcast clouds
585,Mandalgovi,MN,45.7625,106.2708,77.31,36,100,16.4,overcast clouds
586,Sadiqabad,PK,28.3062,70.1307,105.19,31,100,17.6,overcast clouds
587,Winslow,US,35.0242,-110.6974,71.78,68,1,4.61,clear sky
588,Carbonia,IT,39.1672,8.5222,91.85,51,21,17.18,few clouds
589,Jamame,SO,0.0722,42.7506,80.42,64,10,18.63,clear sky
590,Worgl,AT,47.4833,12.0667,70.81,95,100,2.75,moderate rain
591,Bataipora,BR,-22.2953,-53.2711,64.06,40,40,12.1,scattered clouds
592,Los Llanos De Aridane,ES,28.6585,-17.9182,74.95,73,0,16.11,clear sky
593,Hervey Bay,AU,-25.2986,152.8535,55.02,59,2,3.0,clear sky
594,Brownsville,US,25.9018,-97.4975,85.91,84,40,1.99,scattered clouds
595,Puerto Escondido,MX,15.85,-97.0667,79.63,78,75,5.75,broken clouds
596,Campbell River,CA,50.0163,-125.2446,58.26,96,100,2.73,overcast clouds
597,Maba,CN,24.6841,113.5984,76.66,95,100,3.76,overcast clouds
598,Verkhnevilyuysk,RU,63.4453,120.3167,68.99,58,36,9.57,scattered clouds
599,Severnoye,RU,56.3491,78.3619,60.96,77,1,6.91,clear sky
600,Lapeer,US,43.0514,-83.3188,74.28,73,1,0.0,clear sky
601,Kieta,PG,-6.2167,155.6333,79.45,81,100,4.18,overcast clouds
602,Ygatimi,PY,-24.0833,-55.5,55.78,42,19,6.53,few clouds
603,Roebourne,AU,-20.7833,117.1333,70.34,42,0,4.43,clear sky
604,Richards Bay,ZA,-28.783,32.0377,67.66,56,0,5.86,clear sky
605,Asau,RO,46.4333,26.4,81.28,80,88,4.29,overcast clouds
606,Meulaboh,ID,4.1363,96.1285,78.89,76,9,1.68,clear sky
607,Matara,LK,5.9485,80.5353,79.43,84,23,15.35,few clouds
608,Yumen,CN,40.2833,97.2,91.02,16,7,7.02,clear sky
609,Santiago,CL,-33.4569,-70.6483,68.29,32,0,0.0,clear sky
610,Port Hardy,CA,50.6996,-127.4199,52.63,87,55,4.07,broken clouds
611,Arman,RU,59.7,150.1667,56.34,81,11,10.96,few clouds
612,La Asuncion,VE,11.0333,-63.8628,81.57,75,0,11.45,clear sky
613,Nakama,JP,33.8167,130.7,80.46,35,100,6.06,overcast clouds
614,Kavieng,PG,-2.5744,150.7967,81.84,78,86,11.86,overcast clouds
615,Akdepe,TM,42.0551,59.3788,100.49,12,2,5.14,clear sky
616,Ostrovnoy,RU,68.0531,39.5131,68.09,62,100,14.05,overcast clouds
617,Northam,GB,51.0333,-4.2167,83.12,68,0,2.46,clear sky
618,Rio Grande,BR,-32.035,-52.0986,48.31,65,36,28.27,scattered clouds
619,Abha,SA,18.2164,42.5053,75.45,25,40,11.5,scattered clouds
620,Miquelon,PM,47.0975,-56.3814,66.2,92,100,8.52,overcast clouds
621,Roma,US,43.2128,-75.4557,67.86,93,90,5.75,overcast clouds
622,Sinnamary,GF,5.3833,-52.95,83.71,70,60,6.11,broken clouds
623,Khani,GE,41.9563,42.9566,81.97,39,14,0.87,few clouds
624,Gazanjyk,TM,39.2446,55.5154,105.26,10,0,7.56,clear sky
625,Jacqueville,CI,5.2052,-4.4146,84.11,73,84,11.21,broken clouds
626,Sambava,MG,-14.2667,50.1667,74.52,75,3,14.5,clear sky
627,Gazli,UZ,40.1333,63.45,100.27,10,0,13.31,clear sky
628,Akniste,LV,56.1615,25.7478,80.55,45,8,8.7,clear sky
629,Balikpapan,ID,-1.2675,116.8289,78.19,85,30,7.0,scattered clouds
630,Nouadhibou,MR,20.931,-17.0347,68.63,92,4,13.27,clear sky
631,Mazatlan,MX,23.2167,-106.4167,84.02,88,75,3.0,broken clouds
632,Chiredzi,ZW,-21.05,31.6667,71.01,25,6,8.57,clear sky
633,Ilulissat,GL,69.2167,-51.1,53.62,54,75,5.75,broken clouds
634,Monrovia,LR,6.3005,-10.7969,80.37,83,100,9.26,moderate rain
635,Kuching,MY,1.55,110.3333,82.62,89,20,3.44,few clouds
636,Mondlo,ZA,-27.983,30.7177,60.93,26,0,7.09,clear sky
637,Sassandra,CI,4.95,-6.0833,80.24,65,96,7.45,overcast clouds
638,Beira,MZ,-19.8436,34.8389,72.41,61,31,8.21,scattered clouds
639,Haftoni,AZ,38.7632,48.7622,83.91,70,40,10.36,scattered clouds
640,Farah,AF,32.5,62.5,100.15,13,7,23.87,clear sky
641,Pecos,US,31.4229,-103.4932,77.83,73,1,9.22,clear sky
642,Port Keats,AU,-14.25,129.55,72.41,60,73,1.32,broken clouds
643,Swellendam,ZA,-34.0226,20.4417,71.02,40,0,6.89,clear sky
644,South Lake Tahoe,US,38.9332,-119.9844,68.43,62,1,4.61,clear sky
645,Bjornevatn,NO,69.6672,29.9847,57.54,77,75,6.91,light rain
646,Bandipur,NP,27.9333,84.4167,68.14,94,100,2.04,light rain
647,Khor,RU,47.8861,134.9464,68.7,84,31,2.51,scattered clouds
648,Likasi,CD,-10.9814,26.7333,75.65,24,3,7.09,clear sky
649,Denia,ES,38.8408,0.1057,90.64,52,0,14.0,clear sky
650,El Dorado,US,38.7666,-120.5177,77.63,38,9,1.01,clear sky
651,Kilindoni,TZ,-7.9139,39.6668,77.67,68,27,17.09,scattered clouds
652,Remedios,CU,22.4947,-79.5458,85.12,75,9,12.15,clear sky
653,Chavakkad,IN,10.5333,76.05,77.07,87,100,11.72,overcast clouds
654,Sayat,TM,38.7839,63.8803,100.27,10,0,15.01,clear sky
655,Rockhampton,AU,-23.3833,150.5,48.09,76,0,0.0,clear sky
656,Karratha,AU,-20.7377,116.8463,70.03,44,0,4.47,light rain
657,Kalmunai,LK,7.4167,81.8167,82.49,76,68,5.46,broken clouds
658,Wajir,KE,1.7471,40.0573,90.39,28,32,19.98,scattered clouds
659,Haapiti,PF,-17.5667,-149.8667,71.33,74,100,21.99,light rain
660,Prince Rupert,CA,54.3161,-130.3201,54.19,87,98,3.67,overcast clouds
661,Hauterive,FR,46.0901,3.4459,84.02,43,0,11.52,clear sky
662,Washington,US,47.5001,-120.5015,67.62,53,8,4.09,clear sky
663,Padang,ID,-0.9492,100.3543,80.65,85,27,1.54,scattered clouds
664,Laguna,US,38.421,-121.4238,80.24,63,1,1.99,clear sky
665,Riyadh,SA,24.6877,46.7219,100.54,37,100,8.57,overcast clouds
666,Tucurui,BR,-3.7661,-49.6725,90.36,50,10,1.3,clear sky
667,Senj,HR,44.9894,14.9058,74.07,82,100,10.87,overcast clouds
668,Ada,US,43.4166,-116.1262,73.06,29,1,5.99,clear sky
669,Halifax,CA,44.6453,-63.5724,79.52,71,93,1.01,overcast clouds
670,Sunds,DK,56.2042,9.0127,66.94,62,75,1.99,broken clouds
671,Kuryk,KZ,43.2,51.65,92.93,29,0,11.1,clear sky
672,Virginia Beach,US,36.8529,-75.978,84.27,77,75,14.97,broken clouds
673,Satellite Beach,US,28.1761,-80.5901,89.1,74,75,4.61,broken clouds
674,Machaneng,BW,-23.1862,27.4886,69.85,21,0,8.68,clear sky
675,Tadine,NC,-21.55,167.8833,71.37,88,25,14.27,scattered clouds
676,Benguela,AO,-12.5763,13.4055,76.57,67,32,8.32,scattered clouds
677,Ketchikan,US,55.3422,-131.6461,54.07,94,20,0.0,light rain
678,Mindelo,CV,16.8901,-24.9804,81.95,57,20,16.11,few clouds
679,Gap,FR,44.6667,6.0,75.83,43,1,6.93,clear sky
680,Cardonal,MX,20.6,-99.1333,59.92,74,12,2.77,few clouds
681,Saint Anthony,US,45.0205,-93.218,77.97,72,1,0.0,clear sky
682,Honningsvag,NO,70.9821,25.9704,48.79,91,90,15.14,overcast clouds
683,Bagotville,AU,-28.9833,153.4167,52.65,74,80,4.99,broken clouds
684,Bandrele,YT,-12.9067,45.1914,78.55,65,75,14.97,broken clouds
685,Kulhudhuffushi,MV,6.6221,73.07,82.96,72,100,15.43,overcast clouds
